the-wolf-of-wall-street,0.266913
jackass-presents-bad-grandpa,0.0991032
21,1e-20
the-33,1e-20
71,1e-20
300,1e-20
1408,1e-20
tying-the-knot,1e-20
1492-conquest-of-paradise,1e-20
1911,1e-20
tomorrowland,1e-20
2001-a-space-odyssey,1e-20
2012,1e-20
102-dalmatians,1e-20
16-blocks,1e-20
13-tzameti,1e-20
10000-bc,1e-20
after-earth,1e-20
1000-times-good-night,1e-20
100-bloody-acres,1e-20
the-hundred-foot-journey,1e-20
800-bullets,1e-20
tyson,1e-20
10-things-i-hate-about-you,1e-20
the-11th-hour,1e-20
13-assassins,1e-20
13-going-on-30,1e-20
13-hours-the-secret-soldiers-of-benghazi,1e-20
13-minutes,1e-20
the-13th-warrior,1e-20
2046,1e-20
a-very-long-engagement,1e-20
17-again,1e-20
200-cigarettes,1e-20
20-centimeters,1e-20
20-feet-from-stardom,1e-20
3-idiots,1e-20
v-for-vendetta,1e-20
20th-century-women,1e-20
21-and-over,1e-20
21-jump-street,1e-20
22-jump-street,1e-20
23-blast,1e-20
24-hour-party-people,1e-20
the-24th-day,1e-20
27-dresses,1e-20
circuit,1e-20
28-days-later,1e-20
beautiful-boxer,1e-20
31,1e-20
